{
	"top": 0.1666666666666667,
	"left": 0.0677777777777778,
	"right": 0.0477777777777778,
	"bottom": 0.25,
	"linear": true,
	"frets": 12
}
